City, State
New York, New York
Los Angeles, California
Chicago, Illinois
Houston, Texas
Phoenix, Arizona
Philadelphia, Pennsylvania
San Antonio, Texas
San Diego, California
Dallas, Texas
San Jose, California
Austin, Texas
Jacksonville, Florida
San Francisco, California
Columbus, Ohio
Fort Worth, Texas
Indianapolis, Indiana
Charlotte, North Carolina
Seattle, Washington
Denver, Colorado
Washington, District of Columbia
Boston, Massachusetts
El Paso, Texas
Detroit, Michigan
Nashville, Tennessee
Memphis, Tennessee
Portland, Oregon
Oklahoma City, Oklahoma
Las Vegas, Nevada
Louisville, Kentucky
Baltimore, Maryland
Milwaukee, Wisconsin
Albuquerque, New Mexico
Tucson, Arizona
Fresno, California
Sacramento, California
Mesa, Arizona
Kansas City, Missouri
Atlanta, Georgia
Long Beach, California
Omaha, Nebraska
Raleigh, North Carolina
Colorado Springs, Colorado
Miami, Florida
Virginia Beach, Virginia
Oakland, California
Minneapolis, Minnesota
Tulsa, Oklahoma
Arlington, Texas
New Orleans, Louisiana
Wichita, Kansas
Cleveland, Ohio
Tampa, Florida
Bakersfield, California
Aurora, Colorado
Anaheim, California
Honolulu, Hawaii
Santa Ana, California
Riverside, California
Corpus Christi, Texas
Lexington-Fayette, Kentucky
Stockton, California
St. Louis, Missouri
St. Paul, Minnesota
Henderson, Nevada
Pittsburgh, Pennsylvania
Cincinnati, Ohio
Anchorage, Alaska
Greensboro, North Carolina
Plano, Texas
Newark, New Jersey
Lincoln, Nebraska
Orlando, Florida
Irvine, California
Toledo, Ohio
Jersey City, New Jersey
Chula Vista, California
Durham, North Carolina
Fort Wayne, Indiana
St. Petersburg, Florida
Laredo, Texas
Buffalo, New York
Madison, Wisconsin
Lubbock, Texas
Chandler, Arizona
Scottsdale, Arizona
Reno, Nevada
Glendale, Arizona
Norfolk, Virginia
Winston-Salem, North Carolina
North Las Vegas, Nevada
Gilbert, Arizona
Chesapeake, Virginia
Irving, Texas
Hialeah, Florida
Garland, Texas
Fremont, California
Richmond, Virginia
Boise City, Idaho
Baton Rouge, Louisiana
Des Moines, Iowa
Spokane, Washington
San Bernardino, California
Modesto, California
Tacoma, Washington
Fontana, California
Santa Clarita, California
Birmingham, Alabama
Oxnard, California
Fayetteville, North Carolina
Rochester, New York
Moreno Valley, California
Glendale, California
Yonkers, New York
Huntington Beach, California
Aurora, Illinois
Salt Lake City, Utah
Amarillo, Texas
Montgomery, Alabama
Grand Rapids, Michigan
Little Rock, Arkansas
Akron, Ohio
Augusta, Georgia
Huntsville, Alabama
Columbus, Georgia
Grand Prairie, Texas
Shreveport, Louisiana
Overland Park, Kansas
Tallahassee, Florida
Mobile, Alabama
Port St. Lucie, Florida
Knoxville, Tennessee
Worcester, Massachusetts
Tempe, Arizona
Cape Coral, Florida
Brownsville, Texas
McKinney, Texas
Providence, Rhode Island
Fort Lauderdale, Florida
Newport News, Virginia
Chattanooga, Tennessee
Rancho Cucamonga, California
Frisco, Texas
Sioux Falls, South Dakota
Oceanside, California
Ontario, California
Vancouver, Washington
Santa Rosa, California
Garden Grove, California
Elk Grove, California
Pembroke Pines, Florida
Salem, Oregon
Eugene, Oregon
Peoria, Arizona
Corona, California
Springfield, Missouri
Jackson, Mississippi
Cary, North Carolina
Fort Collins, Colorado
Hayward, California
Lancaster, California
Alexandria, Virginia
Salinas, California
Palmdale, California
Lakewood, Colorado
Springfield, Massachusetts
Sunnyvale, California
Hollywood, Florida
Pasadena, Texas
Clarksville, Tennessee
Pomona, California
Kansas City, Kansas
Macon-Bibb County, Georgia
Escondido, California
Paterson, New Jersey
Joliet, Illinois
Naperville, Illinois
Rockford, Illinois
Torrance, California
Bridgeport, Connecticut
Savannah, Georgia
Killeen, Texas
Bellevue, Washington
Mesquite, Texas
Syracuse, New York
McAllen, Texas
Pasadena, California
Orange, California
Fullerton, California
Dayton, Ohio
Miramar, Florida
Olathe, Kansas
Thornton, Colorado
Waco, Texas
Murfreesboro, Tennessee
Denton, Texas
West Valley City, Utah
Midland, Texas
Carrollton, Texas
Roseville, California
Warren, Michigan
Charleston, South Carolina
Hampton, Virginia
Surprise, Arizona
Columbia, South Carolina
Coral Springs, Florida
Visalia, California
Sterling Heights, Michigan
Gainesville, Florida
Cedar Rapids, Iowa
New Haven, Connecticut
Stamford, Connecticut
Elizabeth, New Jersey
Concord, California
Thousand Oaks, California
Kent, Washington
Santa Clara, California
Simi Valley, California
Lafayette, Louisiana
Topeka, Kansas
Athens, Georgia
Round Rock, Texas
Hartford, Connecticut
Norman, Oklahoma
Victorville, California
Fargo, North Dakota
Berkeley, California
Vallejo, California
Abilene, Texas
Columbia, Missouri
Ann Arbor, Michigan
Allentown, Pennsylvania
Pearland, Texas
Beaumont, Texas
Wilmington, North Carolina
Evansville, Indiana
Arvada, Colorado
Provo, Utah
Independence, Missouri
Lansing, Michigan
Odessa, Texas
Richardson, Texas
Fairfield, California
El Monte, California
Rochester, Minnesota
Clearwater, Florida
Carlsbad, California
Springfield, Illinois
Temecula, California
West Jordan, Utah
Costa Mesa, California
Miami Gardens, Florida
Cambridge, Massachusetts
College Station, Texas
Murrieta, California
Downey, California
Peoria, Illinois
Westminster, Colorado
Elgin, Illinois
Antioch, California
Palm Bay, Florida
High Point, North Carolina
Lowell, Massachusetts
Manchester, New Hampshire
Pueblo, Colorado
Gresham, Oregon
North Charleston, South Carolina
San Buenaventura, California
Inglewood, California
Pompano Beach, Florida
Centennial, Colorado
West Palm Beach, Florida
Everett, Washington
Richmond, California
Clovis, California
Billings, Montana
Waterbury, Connecticut
Broken Arrow, Oklahoma
Lakeland, Florida
West Covina, California
Boulder, Colorado
Daly City, California
Santa Maria, California
Hillsboro, Oregon
Sandy Springs, Georgia
Norwalk, California
Jurupa Valley, California
Lewisville, Texas
Greeley, Colorado
Davie, Florida
Green Bay, Wisconsin
Tyler, Texas
League City, Texas
Burbank, California
San Mateo, California
Wichita Falls, Texas
El Cajon, California
Rialto, California
Davenport, Iowa
South Bend, Indiana
Las Cruces, New Mexico
Vista, California
Renton, Washington
Sparks, Nevada
Allen, Texas
Tuscaloosa, Alabama
San Angelo, Texas
Vacaville, California
Meridian, Idaho
Kenosha, Wisconsin
Roanoke, Virginia
Albany, New York
Boca Raton, Florida
Spokane Valley, Washington
Orem, Utah
Compton, California
Beaverton, Oregon
Erie, Pennsylvania
Lee's Summit, Missouri
Lawrence, Kansas
Federal Way, Washington
Flint, Michigan
San Marcos, California
Rio Rancho, New Mexico
Sandy, Utah
Mission Viejo, California
Brockton, Massachusetts
Yuma, Arizona
South Gate, California
New Bedford, Massachusetts
Hesperia, California
Roswell, Georgia
Portsmouth, Virginia
Bend, Oregon
Dearborn, Michigan
Longmont, Colorado
Sunrise, Florida
Quincy, Massachusetts
Livonia, Michigan
Lynn, Massachusetts
Plantation, Florida
Lawton, Oklahoma
Yakima, Washington
Nampa, Idaho
Chico, California
Carson, California
Miami Beach, Florida
Santa Monica, California
Carmel, Indiana
Greenville, North Carolina
Santa Barbara, California
Concord, North Carolina
Edmond, Oklahoma
Asheville, North Carolina
Fishers, Indiana
Redding, California
Westminster, California
Tracy, California
Deltona, Florida
Menifee, California
San Leandro, California
Livermore, California
Edinburg, Texas
Suffolk, Virginia
Chino, California
Indio, California
Fall River, Massachusetts
Bellingham, Washington
Norwalk, Connecticut
Newton, Massachusetts
Kirkland, Washington
Sugar Land, Texas
Reading, Pennsylvania
Nashua, New Hampshire
Fort Smith, Arkansas
Citrus Heights, California
Hawthorne, California
Waukegan, Illinois
O'Fallon, Missouri
Champaign, Illinois
Ogden, Utah
Whittier, California
Redwood City, California
Mount Pleasant, South Carolina
Clifton, New Jersey
Palm Coast, Florida
Newport Beach, California
Duluth, Minnesota
Bloomington, Minnesota
Alhambra, California
Fayetteville, Arkansas
Danbury, Connecticut
Hemet, California
Bloomington, Indiana
Trenton, New Jersey
Hoover, Alabama
Largo, Florida
Mission, Texas
St. George, Utah
Conroe, Texas
Johns Creek, Georgia
Lake Forest, California
Avondale, Arizona
Bryan, Texas
Troy, Michigan
Santa Fe, New Mexico
Merced, California
Buena Park, California
Pleasanton, California
Cicero, Illinois
Sioux City, Iowa
Melbourne, Florida
Medford, Oregon
Westland, Michigan
Kennewick, Washington
Longview, Texas
Mountain View, California
Somerville, Massachusetts
Cranston, Rhode Island
Farmington Hills, Michigan
Lynchburg, Virginia
Lakewood, California
Warwick, Rhode Island
Auburn, Washington
Brooklyn Park, Minnesota
Deerfield Beach, Florida
Tustin, California
Chino Hills, California
Lawrence, Massachusetts
New Rochelle, New York
Fort Myers, Florida
Goodyear, Arizona
Napa, California
Springdale, Arkansas
Pharr, Texas
Manteca, California
Alameda, California
Parma, Ohio
New Braunfels, Texas
Plymouth, Minnesota
Franklin, Tennessee
Milpitas, California
Folsom, California
Bloomington, Illinois
Perris, California
Bellflower, California
Boynton Beach, Florida
Scranton, Pennsylvania
Racine, Wisconsin
Lake Charles, Louisiana
Upland, California
Baytown, Texas
Loveland, Colorado
Layton, Utah
Flower Mound, Texas
Hammond, Indiana
Gastonia, North Carolina
St. Joseph, Missouri
Baldwin Park, California
Gary, Indiana
Wyoming, Michigan
San Ramon, California
Jonesboro, Arkansas
Kalamazoo, Michigan
Iowa City, Iowa
Bethlehem, Pennsylvania
Cedar Park, Texas
Arlington Heights, Illinois
Union City, California
Bolingbrook, Illinois
Warner Robins, Georgia
Evanston, Illinois
Appleton, Wisconsin
Camden, New Jersey
Temple, Texas
Missouri City, Texas
Rapid City, South Dakota
Rochester Hills, Michigan
Schaumburg, Illinois
Rancho Cordova, California
Turlock, California
Missoula, Montana
Southfield, Michigan
Albany, Georgia
Apple Valley, California
Rock Hill, South Carolina
Pasco, Washington
Bismarck, North Dakota
New Britain, Connecticut
Waukesha, Wisconsin
Jacksonville, North Carolina
Lafayette, Indiana
Decatur, Illinois
Pittsburg, California
Pawtucket, Rhode Island
Flagstaff, Arizona
Lauderhill, Florida
Gulfport, Mississippi
Redlands, California
Frederick, Maryland
Passaic, New Jersey
Wilmington, Delaware
Kissimmee, Florida
Lynwood, California
Maple Grove, Minnesota
South Jordan, Utah
Weston, Florida
Canton, Ohio
Georgetown, Texas
North Richland Hills, Texas
Union City, New Jersey
St. Charles, Missouri
Homestead, Florida
Walnut Creek, California
Woodbury, Minnesota
Davis, California
Mansfield, Texas
Marysville, Washington
Delray Beach, Florida
Gaithersburg, Maryland
Mount Vernon, New York
Palatine, Illinois
Muncie, Indiana
Eau Claire, Wisconsin
Bossier City, Louisiana
Buckeye, Arizona
Rockville, Maryland
Broomfield, Colorado
Yorba Linda, California
Greenville, South Carolina
Dothan, Alabama
Daytona Beach, Florida
St. Cloud, Minnesota
Redondo Beach, California
Camarillo, California
Waterloo, Iowa
Kenner, Louisiana
South San Francisco, California
Bayonne, New Jersey
Palo Alto, California
Victoria, Texas
Bowling Green, Kentucky
Portland, Maine
Yuba City, California
Jackson, Tennessee
Oshkosh, Wisconsin
Eagan, Minnesota
Ames, Iowa
Rogers, Arkansas
Lake Elsinore, California
Johnson City, Tennessee
Laguna Niguel, California
North Port, Florida
North Little Rock, Arkansas
Lodi, California
Alpharetta, Georgia
Conway, Arkansas
Tamarac, Florida
Schenectady, New York
West Des Moines, Iowa
Shawnee, Kansas
Madera, California
Harlingen, Texas
East Orange, New Jersey
San Clemente, California
Santa Cruz, California
Jupiter, Florida
Wellington, Florida
Rocklin, California
Youngstown, Ohio
Blaine, Minnesota
Sammamish, Washington
Eden Prairie, Minnesota
Janesville, Wisconsin
Redmond, Washington
Skokie, Illinois
Auburn, Alabama
Tulare, California
Lorain, Ohio
Lakeville, Minnesota
Haverhill, Massachusetts
Cheyenne, Wyoming
Pico Rivera, California
Pflugerville, Texas
Eastvale, California
Port Orange, Florida
Montebello, California
Encinitas, California
San Marcos, Texas
Rowlett, Texas
Lehi, Utah
Coon Rapids, Minnesota
Grand Junction, Colorado
La Habra, California
Waltham, Massachusetts
Brentwood, California
Ankeny, Iowa
Springfield, Oregon
Council Bluffs, Iowa
Castle Rock, Colorado
North Miami, Florida
Hamilton, Ohio
Noblesville, Indiana
Moore, Oklahoma
Burnsville, Minnesota
National City, California
Taylor, Michigan
Malden, Massachusetts
Doral, Florida
Idaho Falls, Idaho
Marietta, Georgia
Monterey Park, California
Coconut Creek, Florida
Dublin, California
Petaluma, California
Cupertino, California
Terre Haute, Indiana
Utica, New York
Vineland, New Jersey
Lakewood, Washington
Gardena, California
Bristol, Connecticut
Millcreek, Utah
La Mesa, California
Woodland, California
Taylorsville, Utah
West Allis, Wisconsin
Meriden, Connecticut
Chapel Hill, North Carolina
Pontiac, Michigan
Novi, Michigan
Lancaster, Pennsylvania
St. Clair Shores, Michigan
Owensboro, Kentucky
Sanford, Florida
Springfield, Ohio
Porterville, California
Royal Oak, Michigan
Ocala, Florida
Bartlett, Tennessee
San Rafael, California
White Plains, New York
Great Falls, Montana
Bowie, Maryland
Huntington Park, California
Arcadia, California
Orland Park, Illinois
Margate, Florida
Dubuque, Iowa
Des Plaines, Illinois
Santee, California
Corvallis, Oregon
Kokomo, Indiana
Casper, Wyoming
Medford, Massachusetts
Gilroy, California
Hendersonville, Tennessee
Greenwood, Indiana
Midwest City, Oklahoma
St. Peters, Missouri
Taunton, Massachusetts
New Brunswick, New Jersey
Grand Forks, North Dakota
Sarasota, Florida
Smyrna, Georgia
Tinley Park, Illinois
Diamond Bar, California
Weymouth Town, Massachusetts
Bradenton, Florida
Hanford, California
Fountain Valley, California
Richland, Washington
Huntersville, North Carolina
Shoreline, Washington
Bonita Springs, Florida
Oak Lawn, Illinois
Valdosta, Georgia
Novato, California
Commerce City, Colorado
Hempstead, New York
Dearborn Heights, Michigan
Berwyn, Illinois
Chicopee, Massachusetts
Port Arthur, Texas
Casa Grande, Arizona
Highland, California
Pocatello, Idaho
Kettering, Ohio
Euless, Texas
Hoboken, New Jersey
Anderson, Indiana
Palm Beach Gardens, Florida
Blue Springs, Missouri
Paramount, California
West Haven, Connecticut
Manhattan, Kansas
Colton, California
Carson City, Nevada
Caldwell, Idaho
Cathedral City, California
Rosemead, California
Rocky Mount, North Carolina
Stonecrest, Georgia
Lake Havasu City, Arizona
Decatur, Alabama
Normal, Illinois
West New York, New Jersey
Leesburg, Virginia
Harrisonburg, Virginia
Parker, Colorado
Watsonville, California
Southaven, Mississippi
Revere, Massachusetts
Grapevine, Texas
Mount Prospect, Illinois
Elyria, Ohio
Yucaipa, California
DeSoto, Texas
Lenexa, Kansas
Brookhaven, Georgia
West Sacramento, California
Albany, Oregon
Bellevue, Nebraska
Kingsport, Tennessee
Wheaton, Illinois
Tigard, Oregon
Delano, California
Minnetonka, Minnesota
Burlington, North Carolina
Peabody, Massachusetts
Milford, Connecticut
Palm Desert, California
Pinellas Park, Florida
Perth Amboy, New Jersey
Pensacola, Florida
Elkhart, Indiana
Glendora, California
Apple Valley, Minnesota
Joplin, Missouri
Oak Park, Illinois
Placentia, California
Edina, Minnesota
La Crosse, Wisconsin
Kentwood, Michigan
Burien, Washington
Aliso Viejo, California
Olympia, Washington
Hoffman Estates, Illinois
Apopka, Florida
Florissant, Missouri
Grand Island, Nebraska
Plainfield, New Jersey
Battle Creek, Michigan
St. Cloud, Florida
Logan, Utah
Coral Gables, Florida
Cerritos, California
Coeur d'Alene, Idaho
Galveston, Texas
Apex, North Carolina
Summerville, South Carolina
Collierville, Tennessee
Methuen, Massachusetts
Lakewood, Ohio
Enid, Oklahoma
Poway, California
Smyrna, Tennessee
Azusa, California
Stillwater, Oklahoma
Wylie, Texas
Lacey, Washington
Dunwoody, Georgia
Troy, New York
Downers Grove, Illinois
Bedford, Texas
Newark, Ohio
Wilson, North Carolina
Bentonville, Arkansas
Murray, Utah
Cuyahoga Falls, Ohio
Leander, Texas
Twin Falls, Idaho
Harrisburg, Pennsylvania
Mishawaka, Indiana
La Mirada, California
Cypress, California
St. Louis Park, Minnesota
Madison, Alabama
East Lansing, Michigan
Middletown, Ohio
Portage, Michigan
Kannapolis, North Carolina
Rancho Santa Margarita, California
Cedar Hill, Texas
Lawrence, Indiana
Ceres, California
Saginaw, Michigan
Texas City, Texas
Covina, California
Niagara Falls, New York
Monroe, Louisiana
Sheboygan, Wisconsin
Wauwatosa, Wisconsin
San Jacinto, California
Palm Springs, California
Charlottesville, Virginia
Maricopa, Arizona
Charleston, West Virginia
Minot, North Dakota
Roswell, New Mexico
Littleton, Colorado
Draper, Utah
Lincoln, California
Glenview, Illinois
Dublin, Ohio
East Providence, Rhode Island
Chesterfield, Missouri
San Luis Obispo, California
Newark, California
Roseville, Michigan
Jeffersonville, Indiana
Alexandria, Louisiana
Keller, Texas
Euclid, Ohio
Columbus, Indiana
Mentor, Ohio
Huntington, West Virginia
Salina, Kansas
Beaumont, California
Beavercreek, Ohio
Elmhurst, Illinois
Bozeman, Montana
Little Elm, Texas
Middletown, Connecticut
Ocoee, Florida
Hattiesburg, Mississippi
Everett, Massachusetts
West Lafayette, Indiana
Titusville, Florida
Mansfield, Ohio
Burleson, Texas
Biloxi, Mississippi
Fort Pierce, Florida
Bothell, Washington
Farmington, New Mexico
Coachella, California
Sayreville, New Jersey
Hackensack, New Jersey
Binghamton, New York
Cutler Bay, Florida
Morgan Hill, California
Oakland Park, Florida
Marana, Arizona
Danville, California
Strongsville, Ohio
Attleboro, Massachusetts
Blacksburg, Virginia
Cleveland Heights, Ohio
Cleveland, Tennessee
Prescott Valley, Arizona
Haltom City, Texas
El Centro, California
Oro Valley, Arizona
Altamonte Springs, Florida
Rockwall, Texas
North Lauderdale, Florida
Barnstable Town, Massachusetts
York, Pennsylvania
North Miami Beach, Florida
Bountiful, Utah
Altoona, Pennsylvania
Plainfield, Illinois
Lombard, Illinois
Urbandale, Iowa
Lompoc, California
Winter Garden, Florida
Freeport, New York
Kyle, Texas
Salem, Massachusetts
Riverton, Utah
San Bruno, California
Peachtree Corners, Georgia
DeKalb, Illinois
Moorhead, Minnesota
Linden, New Jersey
Concord, New Hampshire
Pine Bluff, Arkansas
Sierra Vista, Arizona
Jefferson City, Missouri
Rohnert Park, California
Ormond Beach, Florida
Fond du Lac, Wisconsin
Brea, California
Bell Gardens, California
Prescott, Arizona
The Colony, Texas
Kearny, New Jersey
Brentwood, Tennessee
Goose Creek, South Carolina
Pittsfield, Massachusetts
Fairfield, Ohio
State College, Pennsylvania
Rancho Palos Verdes, California
Wake Forest, North Carolina
Mankato, Minnesota
Burlington, Vermont
Moline, Illinois
Edmonds, Washington
Urbana, Illinois
Midland, Michigan
Coppell, Texas
Sherman, Texas
Beverly, Massachusetts
Woonsocket, Rhode Island
Oakley, California
Westfield, Massachusetts
Belleville, Illinois
Leominster, Massachusetts
Cedar Falls, Iowa
Campbell, California
Manassas, Virginia
Shelton, Connecticut
Findlay, Ohio
La Quinta, California
Winter Haven, Florida
Huntsville, Texas
Buffalo Grove, Illinois
Bartlett, Illinois
Danville, Virginia
Bremerton, Washington
Grove City, Ohio
Puyallup, Washington
Maplewood, Minnesota
Shakopee, Minnesota
Wilkes-Barre, Pennsylvania
Fitchburg, Massachusetts
Oviedo, Florida
Hutchinson, Kansas
Greenacres, Florida
Hickory, North Carolina
Brighton, Colorado
Apache Junction, Arizona
San Gabriel, California
Covington, Kentucky
Crystal Lake, Illinois
Gainesville, Georgia
Weslaco, Texas
Calexico, California
Holyoke, Massachusetts
La Puente, California
Hagerstown, Maryland
Quincy, Illinois
Lancaster, Ohio
Bullhead City, Arizona
Chelsea, Massachusetts
Schertz, Texas
Hilton Head Island, South Carolina
Carol Stream, Illinois
Sumter, South Carolina
Streamwood, Illinois
Marlborough, Massachusetts
Florence, Alabama
Friendswood, Texas
Hallandale Beach, Florida
New Berlin, Wisconsin
Westerville, Ohio
Woburn, Massachusetts
Romeoville, Illinois
Spring Hill, Tennessee
Warren, Ohio
Westfield, Indiana
Duncanville, Texas
Norwich, Connecticut
Spanish Fork, Utah
Wentzville, Missouri
Marion, Iowa
Lancaster, Texas
Annapolis, Maryland
Keizer, Oregon
Culver City, California
Montclair, California
Delaware, Ohio
Herriman, Utah
Lake Oswego, Oregon
Queen Creek, Arizona
Los Banos, California
Cape Girardeau, Missouri
Germantown, Tennessee
Pacifica, California
Hurst, Texas
Indian Trail, North Carolina
Clovis, New Mexico
Northglenn, Colorado
Milton, Georgia
Newnan, Georgia
Pleasant Grove, Utah
Wausau, Wisconsin
Plant City, Florida
Roy, Utah
Royal Palm Beach, Florida
Wheeling, Illinois